{"KNeighborsClassifier": {"ADASYN": {"auprc": 0.24662644692399213, "rec": 0.4794520547945206, "gmean": 0.6689009883426565, "precision": 0.33820982378067793, "recall": 0.4931506849315069, "runtime": 92.1815230846405}, "Random Oversampling": {"auprc": 0.1595830335767556, "rec": 0.17885968159940763, "gmean": 0.4197094783590735, "precision": 0.3802051223618116, "recall": 0.3929532271998026, "runtime": 92.28918600082397}, "Random Undersampling": {"auprc": 0.3270742221273023, "rec": 0.6504998148833765, "gmean": 0.6407509239099303, "precision": 0.3349240661920229, "recall": 0.5501666049611255, "runtime": 94.9148530960083}, "SMOTE": {"auprc": 0.2440823888240325, "rec": 0.4740096260644206, "gmean": 0.6658052056500939, "precision": 0.33832480693183586, "recall": 0.4913365420214735, "runtime": 187.0043592453003}, "Tomek Links": {"auprc": 0.41304186239048724, "rec": 0.02439837097371344, "gmean": 0.1391331937790791, "precision": 0.6005758292174809, "recall": 0.3414661236579045, "runtime": 307.16201996803284}, "SMOTE-Tomek": {"auprc": 0.24409091485087625, "rec": 0.4740096260644206, "gmean": 0.6658355894875252, "precision": 0.33833049094973167, "recall": 0.49133654202147353, "runtime": 937.6313080787659}}, "LogisticRegressor": {"ADASYN": {"auprc": 0.4784245266181994, "rec": 0.8863383931877082, "gmean": 0.931603012784905, "precision": 0.3573471743634287, "recall": 0.6287794643959027, "runtime": 328.44386100769043}, "Random Oversampling": {"auprc": 0.47285570755091166, "rec": 0.9025546094039246, "gmean": 0.9330387119886288, "precision": 0.3482385859898718, "recall": 0.6341848698013081, "runtime": 348.25787115097046}, "Random Undersampling": {"auprc": 0.4689268420149319, "rec": 0.9025546094039246, "gmean": 0.9286621171613966, "precision": 0.3456193422992186, "recall": 0.6341848698013081, "runtime": 349.48702788352966}, "SMOTE": {"auprc": 0.47940827018656834, "rec": 0.8836356904850055, "gmean": 0.9306870275574765, "precision": 0.3589023437971244, "recall": 0.6278785634950019, "runtime": 374.4075219631195}, "Tomek Links": {"auprc": 0.6779319706759467, "rec": 0.6669011477230656, "gmean": 0.8153133993258741, "precision": 0.5633714840212632, "recall": 0.5556337159076885, "runtime": 560.8506171703339}, "SMOTE-Tomek": {"auprc": 0.4832817479430476, "rec": 0.8863754165124028, "gmean": 0.9326855628500953, "precision": 0.360572980805096, "recall": 0.6287918055041343, "runtime": 1142.6912529468536}}, "RandomForestClassifier": {"Random Oversampling": {"auprc": 0.8555373338833595, "rec": 0.7617178822658275, "gmean": 0.8721544677465509, "precision": 0.6502240992594087, "recall": 0.5872392940886092, "runtime": 1342.2076740264893}, "Random Undersampling": {"auprc": 0.47072521684771046, "rec": 0.8890410958904109, "gmean": 0.9287417956888431, "precision": 0.35131496079498636, "recall": 0.6296803652968035, "runtime": 1330.7700409889221}, "ADASYN": {"auprc": 0.8372584788375173, "rec": 0.8050351721584598, "gmean": 0.8967834090571143, "precision": 0.6236240674691884, "recall": 0.6016783907194866, "runtime": 1629.9525742530823}, "SMOTE": {"auprc": 0.8395261291379577, "rec": 0.8050351721584598, "gmean": 0.8967370488794597, "precision": 0.6251358343361486, "recall": 0.6016783907194866, "runtime": 1968.4960670471191}, "Tomek Links": {"auprc": 0.8556423609820568, "rec": 0.7589781562384301, "gmean": 0.8707063451612533, "precision": 0.6512057988215546, "recall": 0.5863260520794767, "runtime": 2100.671145915985}, "SMOTE-Tomek": {"auprc": 0.8381524608708958, "rec": 0.8050351721584599, "gmean": 0.8967347821746008, "precision": 0.6242200554914407, "recall": 0.6016783907194867, "runtime": 3289.9986510276794}}, "DecisionTreeClassifier": {"ADASYN": {"auprc": 0.5868691158407996, "rec": 0.7617178822658275, "gmean": 0.8714893061421425, "precision": 0.471111953897702, "recall": 0.5872392940886092, "runtime": 2370.403561115265}, "Random Oversampling": {"auprc": 0.7520994899198278, "rec": 0.7291743798593113, "gmean": 0.8534376087512576, "precision": 0.5920946445991454, "recall": 0.5763914599531037, "runtime": 2375.026225090027}, "Random Undersampling": {"auprc": 0.46240833021197697, "rec": 0.9106627175120325, "gmean": 0.8994224548549983, "precision": 0.3385756465995661, "recall": 0.6368875725040108, "runtime": 2363.6328670978546}, "SMOTE": {"auprc": 0.6038071776428798, "rec": 0.7779711218067382, "gmean": 0.8808506875646168, "precision": 0.4769956116621589, "recall": 0.592657040602246, "runtime": 2479.370507955551}, "Tomek Links": {"auprc": 0.7321451161393531, "rec": 0.7426508700481304, "gmean": 0.8612171433114426, "precision": 0.5743073679131452, "recall": 0.5808836233493768, "runtime": 2591.4734649658203}, "SMOTE-Tomek": {"auprc": 0.609714547869071, "rec": 0.7779340984820438, "gmean": 0.8810328035248052, "precision": 0.4809461995878513, "recall": 0.5926446994940147, "runtime": 3055.497768163681}}, "GradientBoostingClassifier": {"Random Oversampling": {"auprc": 0.5293264201138311, "rec": 0.8647167715660865, "gmean": 0.9265978708430869, "precision": 0.3984764931321144, "recall": 0.6215722571886956, "runtime": 3843.9492242336273}, "Random Undersampling": {"auprc": 0.46476732491487704, "rec": 0.8944465012958164, "gmean": 0.9250461756633717, "precision": 0.3455443520635313, "recall": 0.6314821670986055, "runtime": 3820.030083179474}, "ADASYN": {"auprc": 0.5352264237580875, "rec": 0.8565716401332839, "gmean": 0.9225682553167361, "precision": 0.4051201911675327, "recall": 0.6188572133777613, "runtime": 3996.899185180664}, "Tomek Links": {"auprc": 0.6816712150331581, "rec": 0.5475749722325064, "gmean": 0.7351074979734524, "precision": 0.6055710428604059, "recall": 0.5158583240775022, "runtime": 4536.218969106674}, "SMOTE": {"auprc": 0.5351580050124815, "rec": 0.853794890781192, "gmean": 0.9212122436998644, "precision": 0.40599860127504145, "recall": 0.6179316302603973, "runtime": 5195.462149143219}, "SMOTE-Tomek": {"auprc": 0.5393495158141459, "rec": 0.8565346168085896, "gmean": 0.9227185292069159, "precision": 0.4078812603131365, "recall": 0.6188448722695299, "runtime": 5629.018554210663}}}