{"LogisticRegressor": {"SMOTE": {"auprc": 1.0, "rec": 1.0, "gmean": 1.0, "precision": 0.7766798418972332, "recall": 0.6666666666666666, "runtime": 2.693981170654297}}}