{"KNeighborsClassifier": {"ADASYN": {"auprc": 0.24662644692399213, "recall": 0.4794520547945206, "gmean": 0.6689009883426565}, "Random Oversampling": {"auprc": 0.15958303357675563, "recall": 0.17885968159940763, "gmean": 0.4197094783590735}, "Random Undersampling": {"auprc": 0.3270742221273023, "recall": 0.6504998148833765, "gmean": 0.6407509239099303}, "SMOTE": {"auprc": 0.2440823888240325, "recall": 0.4740096260644206, "gmean": 0.6658052056500939}, "Tomek Links": {"auprc": 0.41304186239048724, "recall": 0.02439837097371344, "gmean": 0.1391331937790791}, "SMOTE-Tomek": {"auprc": 0.24409091485087625, "recall": 0.4740096260644206, "gmean": 0.6658355894875252}}, "LogisticRegressor": {"ADASYN": {"auprc": 0.4784245266181994, "recall": 0.8863383931877082, "gmean": 0.931603012784905}, "Random Oversampling": {"auprc": 0.47285570755091155, "recall": 0.9025546094039246, "gmean": 0.933038711988629}, "Random Undersampling": {"auprc": 0.4689268420149319, "recall": 0.9025546094039246, "gmean": 0.9286621171613966}, "SMOTE": {"auprc": 0.47940827018656834, "recall": 0.8836356904850055, "gmean": 0.9306870275574765}, "Tomek Links": {"auprc": 0.6779319706759467, "recall": 0.6669011477230656, "gmean": 0.8153133993258741}, "SMOTE-Tomek": {"auprc": 0.4832817479430476, "recall": 0.8863754165124027, "gmean": 0.9326855628500953}}, "RandomForestClassifier": {"Random Oversampling": {"auprc": 0.8555373338833595, "recall": 0.7617178822658275, "gmean": 0.8721544677465509}, "Random Undersampling": {"auprc": 0.47072521684771046, "recall": 0.8890410958904109, "gmean": 0.9287417956888431}, "ADASYN": {"auprc": 0.8372584788375173, "recall": 0.8050351721584599, "gmean": 0.8967834090571143}, "SMOTE": {"auprc": 0.8395261291379577, "recall": 0.8050351721584598, "gmean": 0.8967370488794597}, "Tomek Links": {"auprc": 0.8556423609820568, "recall": 0.7589781562384301, "gmean": 0.8707063451612533}, "SMOTE-Tomek": {"auprc": 0.8381524608708958, "recall": 0.8050351721584599, "gmean": 0.8967347821746008}}, "DecisionTreeClassifier": {"ADASYN": {"auprc": 0.5868691158407996, "recall": 0.7617178822658275, "gmean": 0.8714893061421425}, "Random Oversampling": {"auprc": 0.7520994899198278, "recall": 0.7291743798593113, "gmean": 0.8534376087512576}, "Random Undersampling": {"auprc": 0.46240833021197697, "recall": 0.9106627175120325, "gmean": 0.8994224548549983}, "SMOTE": {"auprc": 0.6038071776428798, "recall": 0.7779711218067382, "gmean": 0.8808506875646168}, "Tomek Links": {"auprc": 0.7321451161393531, "recall": 0.7426508700481304, "gmean": 0.8612171433114426}, "SMOTE-Tomek": {"auprc": 0.609714547869071, "recall": 0.7779340984820438, "gmean": 0.8810328035248052}}, "GradientBoostingClassifier": {"Random Oversampling": {"auprc": 0.5293264201138311, "recall": 0.8647167715660865, "gmean": 0.9265978708430869}, "Random Undersampling": {"auprc": 0.46476732491487704, "recall": 0.8944465012958164, "gmean": 0.9250461756633717}, "ADASYN": {"auprc": 0.5352264237580874, "recall": 0.8565716401332839, "gmean": 0.922568255316736}, "Tomek Links": {"auprc": 0.6816712150331581, "recall": 0.5475749722325064, "gmean": 0.7351074979734524}, "SMOTE": {"auprc": 0.5351580050124815, "recall": 0.853794890781192, "gmean": 0.9212122436998644}, "SMOTE-Tomek": {"auprc": 0.5393495158141459, "recall": 0.8565346168085896, "gmean": 0.9227185292069159}}}